-- phpMyAdmin SQL Dump
-- version 5.2.1
-- https://www.phpmyadmin.net/
--
-- Host: 127.0.0.1
-- Generation Time: Jan 28, 2024 at 06:19 PM
-- Server version: 10.4.32-MariaDB
-- PHP Version: 8.0.30

SET SQL_MODE = "NO_AUTO_VALUE_ON_ZERO";
START TRANSACTION;
SET time_zone = "+00:00";


/*!40101 SET @OLD_CHARACTER_SET_CLIENT=@@CHARACTER_SET_CLIENT */;
/*!40101 SET @OLD_CHARACTER_SET_RESULTS=@@CHARACTER_SET_RESULTS */;
/*!40101 SET @OLD_COLLATION_CONNECTION=@@COLLATION_CONNECTION */;
/*!40101 SET NAMES utf8mb4 */;

--
-- Database: `my-next-news`
--

-- --------------------------------------------------------

--
-- Table structure for table `categories`
--

CREATE TABLE `categories` (
  `id` int(11) NOT NULL,
  `name` varchar(150) NOT NULL,
  `createdAt` timestamp NOT NULL DEFAULT current_timestamp(),
  `updatedAt` timestamp NOT NULL DEFAULT current_timestamp()
) ENGINE=InnoDB DEFAULT CHARSET=utf8mb4 COLLATE=utf8mb4_unicode_ci;

--
-- Dumping data for table `categories`
--

INSERT INTO `categories` (`id`, `name`, `createdAt`, `updatedAt`) VALUES
(1, 'Politics', '2024-01-25 10:23:32', '2024-01-25 10:23:32'),
(2, 'History', '2024-01-25 10:25:22', '2024-01-25 10:25:22'),
(3, 'Travel', '2024-01-27 06:50:08', '2024-01-27 06:50:08'),
(4, 'Environment', '2024-01-27 06:49:46', '2024-01-27 06:49:46'),
(5, 'Health', '2024-01-27 06:49:54', '2024-01-27 06:49:54'),
(6, 'Art', '2024-01-27 06:49:59', '2024-01-27 06:49:59');

-- --------------------------------------------------------

--
-- Table structure for table `comments`
--

CREATE TABLE `comments` (
  `id` int(11) NOT NULL,
  `postID` int(11) NOT NULL,
  `userID` int(11) NOT NULL,
  `comment_post` varchar(1000) NOT NULL
) ENGINE=InnoDB DEFAULT CHARSET=utf8mb4 COLLATE=utf8mb4_unicode_ci;

--
-- Dumping data for table `comments`
--

INSERT INTO `comments` (`id`, `postID`, `userID`, `comment_post`) VALUES
(2, 15, 1, 'transition duration-500 ease-in-out'),
(3, 15, 1, 'transition duration-500 ease-in-out'),
(4, 15, 1, 'transition duration-500 ease-in-out'),
(5, 15, 1, 'transition duration-500 ease-in-out');

-- --------------------------------------------------------

--
-- Table structure for table `news_list`
--

CREATE TABLE `news_list` (
  `id` int(11) NOT NULL,
  `title` varchar(200) NOT NULL,
  `short_des` varchar(300) NOT NULL,
  `img1` varchar(500) NOT NULL,
  `img2` varchar(500) NOT NULL,
  `img3` varchar(500) NOT NULL,
  `catID` int(11) NOT NULL,
  `logn_des` longtext NOT NULL,
  `keyword` varchar(300) NOT NULL,
  `type` varchar(200) NOT NULL,
  `createdAt` timestamp NOT NULL DEFAULT current_timestamp(),
  `updatedAt` timestamp NOT NULL DEFAULT current_timestamp()
) ENGINE=InnoDB DEFAULT CHARSET=utf8mb4 COLLATE=utf8mb4_unicode_ci;

--
-- Dumping data for table `news_list`
--

INSERT INTO `news_list` (`id`, `title`, `short_des`, `img1`, `img2`, `img3`, `catID`, `logn_des`, `keyword`, `type`, `createdAt`, `updatedAt`) VALUES
(15, 'What is the son of Football Coach John Gruden, Deuce Gruden doing Now', 'Short description hasan of the sample news.', 'https://bootstrapmade.com/demo/templates/ZenBlog/assets/img/post-landscape-6.jpg', 'https://bootstrapmade.com/demo/templates/ZenBlog/assets/img/post-landscape-5.jpg', 'https://images.unsplash.com/photo-1536147116438-62679a5e01f2?ixlib=rb-1.2.1&ixid=eyJhcHBfaWQiOjEyMDd9&auto=format&fit=crop&w=634&q=80', 4, 'Sunt reprehenderit, hic vel optio odit est dolore, distinctio iure itaque enim pariatur ducimus. Rerum soluta, perspiciatis voluptatum cupiditate praesentium repellendus quas expedita exercitationem tempora aliquam quaerat in eligendi adipisci harum non omnis reprehenderit quidem beatae modi. Ea fugiat enim libero, ipsam dicta explicabo nihil, tempore, nulla repellendus eos necessitatibus eligendi corporis cum? Eaque harum, eligendi itaque numquam aliquam soluta.Explicabo perspiciatis, laborum provident voluptates illum in nulla consectetur atque quaerat excepturi quisquam, veniam velit ex pariatur quos consequuntur? Excepturi reiciendis perferendis, cupiditate dolorem eos illum amet. Beatae voluptates nemo esse ratione voluptate, nesciunt fugit magnam veritatis voluptas dignissimos doloribus maiores? Aliquam, dolores natus exercitationem corrupti blanditiis, consequuntur nihil nobis sed voluptatibus maiores sunt, illo provident aliquid laborum. Vitae, ut.Reprehenderit aut sed doloribus blanditiis, aspernatur magni? In molestias rem, similique ut esse repudiandae quod recusandae dolores neque earum omnis at, suscipit fuga? Minima qui veniam deserunt quisquam error amet at ratione nesciunt porro quis placeat repudiandae voluptatibus officiis fuga necessitatibus, expedita officia adipisci eaque labore accusamus? Nesciunt repellat illo exercitationem facilis similique quaerat, quis sequi? Praesentium nulla ipsam dolor.Dolorum, incidunt! Adipisci harum itaque maxime dolores doloremque porro eligendi quis, doloribus vel sit rerum sunt obcaecati nam suscipit nulla vitae alias blanditiis aliquam debitis atque illo modi et placeat. Ratione iure eveniet provident. Culpa laboriosam sed ad quia. Corrupti, earum, perferendis dolore cupiditate sint nihil maiores iusto tempora nobis porro itaque est. Ut laborum culpa assumenda pariatur et perferendis? Est soluta veritatis laboriosam, consequuntur temporibus asperiores, fugit id a ullam sed, expedita sequi doloribus fugiat. Odio et necessitatibus enim nam, iste reprehenderit cupiditate omnis ut iure aliquid obcaecati, repellendus nemo provident eveniet tempora minus! Voluptates aut laboriosam, maiores nihil accusantium, a dolorum quaerat tenetur illo eum culpa cum laudantium sunt doloremque modi possimus magni? Perferendis cum repudiandae corrupti porro.', 'Sample, News, Test', 'Latest', '2024-01-27 07:20:28', '2024-01-27 07:20:28'),
(16, 'What is the son of Football Coach John Gruden, Deuce Gruden doing Now?', 'Short description hasan of the sample news.', 'https://bootstrapmade.com/demo/templates/ZenBlog/assets/img/post-landscape-6.jpg', 'https://bootstrapmade.com/demo/templates/ZenBlog/assets/img/post-landscape-5.jpg', 'https://images.unsplash.com/photo-1536147116438-62679a5e01f2?ixlib=rb-1.2.1&ixid=eyJhcHBfaWQiOjEyMDd9&auto=format&fit=crop&w=634&q=80', 3, 'Sunt reprehenderit, hic vel optio odit est dolore, distinctio iure itaque enim pariatur ducimus. Rerum soluta, perspiciatis voluptatum cupiditate praesentium repellendus quas expedita exercitationem tempora aliquam quaerat in eligendi adipisci harum non omnis reprehenderit quidem beatae modi. Ea fugiat enim libero, ipsam dicta explicabo nihil, tempore, nulla repellendus eos necessitatibus eligendi corporis cum? Eaque harum, eligendi itaque numquam aliquam soluta.Explicabo perspiciatis, laborum provident voluptates illum in nulla consectetur atque quaerat excepturi quisquam, veniam velit ex pariatur quos consequuntur? Excepturi reiciendis perferendis, cupiditate dolorem eos illum amet. Beatae voluptates nemo esse ratione voluptate, nesciunt fugit magnam veritatis voluptas dignissimos doloribus maiores? Aliquam, dolores natus exercitationem corrupti blanditiis, consequuntur nihil nobis sed voluptatibus maiores sunt, illo provident aliquid laborum. Vitae, ut.Reprehenderit aut sed doloribus blanditiis, aspernatur magni? In molestias rem, similique ut esse repudiandae quod recusandae dolores neque earum omnis at, suscipit fuga? Minima qui veniam deserunt quisquam error amet at ratione nesciunt porro quis placeat repudiandae voluptatibus officiis fuga necessitatibus, expedita officia adipisci eaque labore accusamus? Nesciunt repellat illo exercitationem facilis similique quaerat, quis sequi? Praesentium nulla ipsam dolor.Dolorum, incidunt! Adipisci harum itaque maxime dolores doloremque porro eligendi quis, doloribus vel sit rerum sunt obcaecati nam suscipit nulla vitae alias blanditiis aliquam debitis atque illo modi et placeat. Ratione iure eveniet provident. Culpa laboriosam sed ad quia. Corrupti, earum, perferendis dolore cupiditate sint nihil maiores iusto tempora nobis porro itaque est. Ut laborum culpa assumenda pariatur et perferendis? Est soluta veritatis laboriosam, consequuntur temporibus asperiores, fugit id a ullam sed, expedita sequi doloribus fugiat. Odio et necessitatibus enim nam, iste reprehenderit cupiditate omnis ut iure aliquid obcaecati, repellendus nemo provident eveniet tempora minus! Voluptates aut laboriosam, maiores nihil accusantium, a dolorum quaerat tenetur illo eum culpa cum laudantium sunt doloremque modi possimus magni? Perferendis cum repudiandae corrupti porro.', 'Sample, News, Test', 'Latest', '2024-01-27 07:20:36', '2024-01-27 07:20:36'),
(17, 'What is the son of Football Coach John Gruden, Deuce Gruden doing Now?', 'Short description hasan of the sample news.', 'https://bootstrapmade.com/demo/templates/ZenBlog/assets/img/post-landscape-6.jpg', 'https://bootstrapmade.com/demo/templates/ZenBlog/assets/img/post-landscape-5.jpg', 'https://images.unsplash.com/photo-1536147116438-62679a5e01f2?ixlib=rb-1.2.1&ixid=eyJhcHBfaWQiOjEyMDd9&auto=format&fit=crop&w=634&q=80', 3, 'Sunt reprehenderit, hic vel optio odit est dolore, distinctio iure itaque enim pariatur ducimus. Rerum soluta, perspiciatis voluptatum cupiditate praesentium repellendus quas expedita exercitationem tempora aliquam quaerat in eligendi adipisci harum non omnis reprehenderit quidem beatae modi. Ea fugiat enim libero, ipsam dicta explicabo nihil, tempore, nulla repellendus eos necessitatibus eligendi corporis cum? Eaque harum, eligendi itaque numquam aliquam soluta.Explicabo perspiciatis, laborum provident voluptates illum in nulla consectetur atque quaerat excepturi quisquam, veniam velit ex pariatur quos consequuntur? Excepturi reiciendis perferendis, cupiditate dolorem eos illum amet. Beatae voluptates nemo esse ratione voluptate, nesciunt fugit magnam veritatis voluptas dignissimos doloribus maiores? Aliquam, dolores natus exercitationem corrupti blanditiis, consequuntur nihil nobis sed voluptatibus maiores sunt, illo provident aliquid laborum. Vitae, ut.Reprehenderit aut sed doloribus blanditiis, aspernatur magni? In molestias rem, similique ut esse repudiandae quod recusandae dolores neque earum omnis at, suscipit fuga? Minima qui veniam deserunt quisquam error amet at ratione nesciunt porro quis placeat repudiandae voluptatibus officiis fuga necessitatibus, expedita officia adipisci eaque labore accusamus? Nesciunt repellat illo exercitationem facilis similique quaerat, quis sequi? Praesentium nulla ipsam dolor.Dolorum, incidunt! Adipisci harum itaque maxime dolores doloremque porro eligendi quis, doloribus vel sit rerum sunt obcaecati nam suscipit nulla vitae alias blanditiis aliquam debitis atque illo modi et placeat. Ratione iure eveniet provident. Culpa laboriosam sed ad quia. Corrupti, earum, perferendis dolore cupiditate sint nihil maiores iusto tempora nobis porro itaque est. Ut laborum culpa assumenda pariatur et perferendis? Est soluta veritatis laboriosam, consequuntur temporibus asperiores, fugit id a ullam sed, expedita sequi doloribus fugiat. Odio et necessitatibus enim nam, iste reprehenderit cupiditate omnis ut iure aliquid obcaecati, repellendus nemo provident eveniet tempora minus! Voluptates aut laboriosam, maiores nihil accusantium, a dolorum quaerat tenetur illo eum culpa cum laudantium sunt doloremque modi possimus magni? Perferendis cum repudiandae corrupti porro.', 'Sample, News, Test', 'slider', '2024-01-27 07:20:37', '2024-01-27 07:20:37'),
(18, 'What is the son of Football Coach John Gruden, Deuce Gruden doing Now?', 'Short description hasan of the sample news.', 'https://bootstrapmade.com/demo/templates/ZenBlog/assets/img/post-landscape-6.jpg', 'https://bootstrapmade.com/demo/templates/ZenBlog/assets/img/post-landscape-5.jpg', 'https://images.unsplash.com/photo-1536147116438-62679a5e01f2?ixlib=rb-1.2.1&ixid=eyJhcHBfaWQiOjEyMDd9&auto=format&fit=crop&w=634&q=80', 2, 'Sunt reprehenderit, hic vel optio odit est dolore, distinctio iure itaque enim pariatur ducimus. Rerum soluta, perspiciatis voluptatum cupiditate praesentium repellendus quas expedita exercitationem tempora aliquam quaerat in eligendi adipisci harum non omnis reprehenderit quidem beatae modi. Ea fugiat enim libero, ipsam dicta explicabo nihil, tempore, nulla repellendus eos necessitatibus eligendi corporis cum? Eaque harum, eligendi itaque numquam aliquam soluta.Explicabo perspiciatis, laborum provident voluptates illum in nulla consectetur atque quaerat excepturi quisquam, veniam velit ex pariatur quos consequuntur? Excepturi reiciendis perferendis, cupiditate dolorem eos illum amet. Beatae voluptates nemo esse ratione voluptate, nesciunt fugit magnam veritatis voluptas dignissimos doloribus maiores? Aliquam, dolores natus exercitationem corrupti blanditiis, consequuntur nihil nobis sed voluptatibus maiores sunt, illo provident aliquid laborum. Vitae, ut.Reprehenderit aut sed doloribus blanditiis, aspernatur magni? In molestias rem, similique ut esse repudiandae quod recusandae dolores neque earum omnis at, suscipit fuga? Minima qui veniam deserunt quisquam error amet at ratione nesciunt porro quis placeat repudiandae voluptatibus officiis fuga necessitatibus, expedita officia adipisci eaque labore accusamus? Nesciunt repellat illo exercitationem facilis similique quaerat, quis sequi? Praesentium nulla ipsam dolor.Dolorum, incidunt! Adipisci harum itaque maxime dolores doloremque porro eligendi quis, doloribus vel sit rerum sunt obcaecati nam suscipit nulla vitae alias blanditiis aliquam debitis atque illo modi et placeat. Ratione iure eveniet provident. Culpa laboriosam sed ad quia. Corrupti, earum, perferendis dolore cupiditate sint nihil maiores iusto tempora nobis porro itaque est. Ut laborum culpa assumenda pariatur et perferendis? Est soluta veritatis laboriosam, consequuntur temporibus asperiores, fugit id a ullam sed, expedita sequi doloribus fugiat. Odio et necessitatibus enim nam, iste reprehenderit cupiditate omnis ut iure aliquid obcaecati, repellendus nemo provident eveniet tempora minus! Voluptates aut laboriosam, maiores nihil accusantium, a dolorum quaerat tenetur illo eum culpa cum laudantium sunt doloremque modi possimus magni? Perferendis cum repudiandae corrupti porro.', 'Sample, News, Test', 'new', '2024-01-27 07:20:37', '2024-01-27 07:20:37'),
(19, 'What is the son of Football Coach John Gruden, Deuce Gruden doing Now?', 'Short description hasan of the sample news.', 'https://bootstrapmade.com/demo/templates/ZenBlog/assets/img/post-landscape-6.jpg', 'https://bootstrapmade.com/demo/templates/ZenBlog/assets/img/post-landscape-5.jpg', 'https://bootstrapmade.com/demo/templates/ZenBlog/assets/img/post-landscape-4.jpg', 2, 'Sunt reprehenderit, hic vel optio odit est dolore, distinctio iure itaque enim pariatur ducimus. Rerum soluta, perspiciatis voluptatum cupiditate praesentium repellendus quas expedita exercitationem tempora aliquam quaerat in eligendi adipisci harum non omnis reprehenderit quidem beatae modi. Ea fugiat enim libero, ipsam dicta explicabo nihil, tempore, nulla repellendus eos necessitatibus eligendi corporis cum? Eaque harum, eligendi itaque numquam aliquam soluta.Explicabo perspiciatis, laborum provident voluptates illum in nulla consectetur atque quaerat excepturi quisquam, veniam velit ex pariatur quos consequuntur? Excepturi reiciendis perferendis, cupiditate dolorem eos illum amet. Beatae voluptates nemo esse ratione voluptate, nesciunt fugit magnam veritatis voluptas dignissimos doloribus maiores? Aliquam, dolores natus exercitationem corrupti blanditiis, consequuntur nihil nobis sed voluptatibus maiores sunt, illo provident aliquid laborum. Vitae, ut.Reprehenderit aut sed doloribus blanditiis, aspernatur magni? In molestias rem, similique ut esse repudiandae quod recusandae dolores neque earum omnis at, suscipit fuga? Minima qui veniam deserunt quisquam error amet at ratione nesciunt porro quis placeat repudiandae voluptatibus officiis fuga necessitatibus, expedita officia adipisci eaque labore accusamus? Nesciunt repellat illo exercitationem facilis similique quaerat, quis sequi? Praesentium nulla ipsam dolor.Dolorum, incidunt! Adipisci harum itaque maxime dolores doloremque porro eligendi quis, doloribus vel sit rerum sunt obcaecati nam suscipit nulla vitae alias blanditiis aliquam debitis atque illo modi et placeat. Ratione iure eveniet provident. Culpa laboriosam sed ad quia. Corrupti, earum, perferendis dolore cupiditate sint nihil maiores iusto tempora nobis porro itaque est. Ut laborum culpa assumenda pariatur et perferendis? Est soluta veritatis laboriosam, consequuntur temporibus asperiores, fugit id a ullam sed, expedita sequi doloribus fugiat. Odio et necessitatibus enim nam, iste reprehenderit cupiditate omnis ut iure aliquid obcaecati, repellendus nemo provident eveniet tempora minus! Voluptates aut laboriosam, maiores nihil accusantium, a dolorum quaerat tenetur illo eum culpa cum laudantium sunt doloremque modi possimus magni? Perferendis cum repudiandae corrupti porro.', 'Sample, News, Test', 'slider', '2024-01-27 07:20:38', '2024-01-27 07:20:38'),
(20, 'What is the son of Football Coach John Gruden, Deuce Gruden doing Now?', 'Short description hasan of the sample news.', 'https://bootstrapmade.com/demo/templates/ZenBlog/assets/img/post-landscape-6.jpg', 'https://bootstrapmade.com/demo/templates/ZenBlog/assets/img/post-landscape-5.jpg', 'https://bootstrapmade.com/demo/templates/ZenBlog/assets/img/post-landscape-4.jpg', 2, 'Sunt reprehenderit, hic vel optio odit est dolore, distinctio iure itaque enim pariatur ducimus. Rerum soluta, perspiciatis voluptatum cupiditate praesentium repellendus quas expedita exercitationem tempora aliquam quaerat in eligendi adipisci harum non omnis reprehenderit quidem beatae modi. Ea fugiat enim libero, ipsam dicta explicabo nihil, tempore, nulla repellendus eos necessitatibus eligendi corporis cum? Eaque harum, eligendi itaque numquam aliquam soluta.Explicabo perspiciatis, laborum provident voluptates illum in nulla consectetur atque quaerat excepturi quisquam, veniam velit ex pariatur quos consequuntur? Excepturi reiciendis perferendis, cupiditate dolorem eos illum amet. Beatae voluptates nemo esse ratione voluptate, nesciunt fugit magnam veritatis voluptas dignissimos doloribus maiores? Aliquam, dolores natus exercitationem corrupti blanditiis, consequuntur nihil nobis sed voluptatibus maiores sunt, illo provident aliquid laborum. Vitae, ut.Reprehenderit aut sed doloribus blanditiis, aspernatur magni? In molestias rem, similique ut esse repudiandae quod recusandae dolores neque earum omnis at, suscipit fuga? Minima qui veniam deserunt quisquam error amet at ratione nesciunt porro quis placeat repudiandae voluptatibus officiis fuga necessitatibus, expedita officia adipisci eaque labore accusamus? Nesciunt repellat illo exercitationem facilis similique quaerat, quis sequi? Praesentium nulla ipsam dolor.Dolorum, incidunt! Adipisci harum itaque maxime dolores doloremque porro eligendi quis, doloribus vel sit rerum sunt obcaecati nam suscipit nulla vitae alias blanditiis aliquam debitis atque illo modi et placeat. Ratione iure eveniet provident. Culpa laboriosam sed ad quia. Corrupti, earum, perferendis dolore cupiditate sint nihil maiores iusto tempora nobis porro itaque est. Ut laborum culpa assumenda pariatur et perferendis? Est soluta veritatis laboriosam, consequuntur temporibus asperiores, fugit id a ullam sed, expedita sequi doloribus fugiat. Odio et necessitatibus enim nam, iste reprehenderit cupiditate omnis ut iure aliquid obcaecati, repellendus nemo provident eveniet tempora minus! Voluptates aut laboriosam, maiores nihil accusantium, a dolorum quaerat tenetur illo eum culpa cum laudantium sunt doloremque modi possimus magni? Perferendis cum repudiandae corrupti porro.', 'Sample, News, Test', 'slider', '2024-01-27 07:20:39', '2024-01-27 07:20:39'),
(21, 'What is the son of Football Coach John Gruden, Deuce Gruden doing Now?', 'Short description hasan of the sample news.', 'https://bootstrapmade.com/demo/templates/ZenBlog/assets/img/post-landscape-6.jpg', 'https://bootstrapmade.com/demo/templates/ZenBlog/assets/img/post-landscape-5.jpg', 'https://bootstrapmade.com/demo/templates/ZenBlog/assets/img/post-landscape-4.jpg', 2, 'Sunt reprehenderit, hic vel optio odit est dolore, distinctio iure itaque enim pariatur ducimus. Rerum soluta, perspiciatis voluptatum cupiditate praesentium repellendus quas expedita exercitationem tempora aliquam quaerat in eligendi adipisci harum non omnis reprehenderit quidem beatae modi. Ea fugiat enim libero, ipsam dicta explicabo nihil, tempore, nulla repellendus eos necessitatibus eligendi corporis cum? Eaque harum, eligendi itaque numquam aliquam soluta.Explicabo perspiciatis, laborum provident voluptates illum in nulla consectetur atque quaerat excepturi quisquam, veniam velit ex pariatur quos consequuntur? Excepturi reiciendis perferendis, cupiditate dolorem eos illum amet. Beatae voluptates nemo esse ratione voluptate, nesciunt fugit magnam veritatis voluptas dignissimos doloribus maiores? Aliquam, dolores natus exercitationem corrupti blanditiis, consequuntur nihil nobis sed voluptatibus maiores sunt, illo provident aliquid laborum. Vitae, ut.Reprehenderit aut sed doloribus blanditiis, aspernatur magni? In molestias rem, similique ut esse repudiandae quod recusandae dolores neque earum omnis at, suscipit fuga? Minima qui veniam deserunt quisquam error amet at ratione nesciunt porro quis placeat repudiandae voluptatibus officiis fuga necessitatibus, expedita officia adipisci eaque labore accusamus? Nesciunt repellat illo exercitationem facilis similique quaerat, quis sequi? Praesentium nulla ipsam dolor.Dolorum, incidunt! Adipisci harum itaque maxime dolores doloremque porro eligendi quis, doloribus vel sit rerum sunt obcaecati nam suscipit nulla vitae alias blanditiis aliquam debitis atque illo modi et placeat. Ratione iure eveniet provident. Culpa laboriosam sed ad quia. Corrupti, earum, perferendis dolore cupiditate sint nihil maiores iusto tempora nobis porro itaque est. Ut laborum culpa assumenda pariatur et perferendis? Est soluta veritatis laboriosam, consequuntur temporibus asperiores, fugit id a ullam sed, expedita sequi doloribus fugiat. Odio et necessitatibus enim nam, iste reprehenderit cupiditate omnis ut iure aliquid obcaecati, repellendus nemo provident eveniet tempora minus! Voluptates aut laboriosam, maiores nihil accusantium, a dolorum quaerat tenetur illo eum culpa cum laudantium sunt doloremque modi possimus magni? Perferendis cum repudiandae corrupti porro.', 'Sample, News, Test', 'slider', '2024-01-27 07:20:40', '2024-01-27 07:20:40'),
(22, 'What is the son of Football Coach John Gruden, Deuce Gruden doing Now?', 'Short description hasan of the sample news.', 'https://bootstrapmade.com/demo/templates/ZenBlog/assets/img/post-landscape-6.jpg', 'https://bootstrapmade.com/demo/templates/ZenBlog/assets/img/post-landscape-5.jpg', 'https://bootstrapmade.com/demo/templates/ZenBlog/assets/img/post-landscape-4.jpg', 1, 'Sunt reprehenderit, hic vel optio odit est dolore, distinctio iure itaque enim pariatur ducimus. Rerum soluta, perspiciatis voluptatum cupiditate praesentium repellendus quas expedita exercitationem tempora aliquam quaerat in eligendi adipisci harum non omnis reprehenderit quidem beatae modi. Ea fugiat enim libero, ipsam dicta explicabo nihil, tempore, nulla repellendus eos necessitatibus eligendi corporis cum? Eaque harum, eligendi itaque numquam aliquam soluta.Explicabo perspiciatis, laborum provident voluptates illum in nulla consectetur atque quaerat excepturi quisquam, veniam velit ex pariatur quos consequuntur? Excepturi reiciendis perferendis, cupiditate dolorem eos illum amet. Beatae voluptates nemo esse ratione voluptate, nesciunt fugit magnam veritatis voluptas dignissimos doloribus maiores? Aliquam, dolores natus exercitationem corrupti blanditiis, consequuntur nihil nobis sed voluptatibus maiores sunt, illo provident aliquid laborum. Vitae, ut.Reprehenderit aut sed doloribus blanditiis, aspernatur magni? In molestias rem, similique ut esse repudiandae quod recusandae dolores neque earum omnis at, suscipit fuga? Minima qui veniam deserunt quisquam error amet at ratione nesciunt porro quis placeat repudiandae voluptatibus officiis fuga necessitatibus, expedita officia adipisci eaque labore accusamus? Nesciunt repellat illo exercitationem facilis similique quaerat, quis sequi? Praesentium nulla ipsam dolor.Dolorum, incidunt! Adipisci harum itaque maxime dolores doloremque porro eligendi quis, doloribus vel sit rerum sunt obcaecati nam suscipit nulla vitae alias blanditiis aliquam debitis atque illo modi et placeat. Ratione iure eveniet provident. Culpa laboriosam sed ad quia. Corrupti, earum, perferendis dolore cupiditate sint nihil maiores iusto tempora nobis porro itaque est. Ut laborum culpa assumenda pariatur et perferendis? Est soluta veritatis laboriosam, consequuntur temporibus asperiores, fugit id a ullam sed, expedita sequi doloribus fugiat. Odio et necessitatibus enim nam, iste reprehenderit cupiditate omnis ut iure aliquid obcaecati, repellendus nemo provident eveniet tempora minus! Voluptates aut laboriosam, maiores nihil accusantium, a dolorum quaerat tenetur illo eum culpa cum laudantium sunt doloremque modi possimus magni? Perferendis cum repudiandae corrupti porro.', 'Sample, News, Test', 'slider', '2024-01-27 07:20:42', '2024-01-27 07:20:42'),
(23, 'What is the son of Football Coach John Gruden, Deuce Gruden doing Now?', 'Short description hasan of the sample news.', 'https://bootstrapmade.com/demo/templates/ZenBlog/assets/img/post-landscape-6.jpg', 'https://bootstrapmade.com/demo/templates/ZenBlog/assets/img/post-landscape-5.jpg', 'https://images.unsplash.com/photo-1536147116438-62679a5e01f2?ixlib=rb-1.2.1&ixid=eyJhcHBfaWQiOjEyMDd9&auto=format&fit=crop&w=634&q=80', 1, 'Sunt reprehenderit, hic vel optio odit est dolore, distinctio iure itaque enim pariatur ducimus. Rerum soluta, perspiciatis voluptatum cupiditate praesentium repellendus quas expedita exercitationem tempora aliquam quaerat in eligendi adipisci harum non omnis reprehenderit quidem beatae modi. Ea fugiat enim libero, ipsam dicta explicabo nihil, tempore, nulla repellendus eos necessitatibus eligendi corporis cum? Eaque harum, eligendi itaque numquam aliquam soluta.Explicabo perspiciatis, laborum provident voluptates illum in nulla consectetur atque quaerat excepturi quisquam, veniam velit ex pariatur quos consequuntur? Excepturi reiciendis perferendis, cupiditate dolorem eos illum amet. Beatae voluptates nemo esse ratione voluptate, nesciunt fugit magnam veritatis voluptas dignissimos doloribus maiores? Aliquam, dolores natus exercitationem corrupti blanditiis, consequuntur nihil nobis sed voluptatibus maiores sunt, illo provident aliquid laborum. Vitae, ut.Reprehenderit aut sed doloribus blanditiis, aspernatur magni? In molestias rem, similique ut esse repudiandae quod recusandae dolores neque earum omnis at, suscipit fuga? Minima qui veniam deserunt quisquam error amet at ratione nesciunt porro quis placeat repudiandae voluptatibus officiis fuga necessitatibus, expedita officia adipisci eaque labore accusamus? Nesciunt repellat illo exercitationem facilis similique quaerat, quis sequi? Praesentium nulla ipsam dolor.Dolorum, incidunt! Adipisci harum itaque maxime dolores doloremque porro eligendi quis, doloribus vel sit rerum sunt obcaecati nam suscipit nulla vitae alias blanditiis aliquam debitis atque illo modi et placeat. Ratione iure eveniet provident. Culpa laboriosam sed ad quia. Corrupti, earum, perferendis dolore cupiditate sint nihil maiores iusto tempora nobis porro itaque est. Ut laborum culpa assumenda pariatur et perferendis? Est soluta veritatis laboriosam, consequuntur temporibus asperiores, fugit id a ullam sed, expedita sequi doloribus fugiat. Odio et necessitatibus enim nam, iste reprehenderit cupiditate omnis ut iure aliquid obcaecati, repellendus nemo provident eveniet tempora minus! Voluptates aut laboriosam, maiores nihil accusantium, a dolorum quaerat tenetur illo eum culpa cum laudantium sunt doloremque modi possimus magni? Perferendis cum repudiandae corrupti porro.', 'Sample, News, Test', 'Latest', '2024-01-27 07:20:36', '2024-01-27 07:20:36'),
(24, 'What is the son of Football Coach John Gruden, Deuce Gruden doing Now', 'Short description hasan of the sample news.', 'https://bootstrapmade.com/demo/templates/ZenBlog/assets/img/post-landscape-6.jpg', 'https://bootstrapmade.com/demo/templates/ZenBlog/assets/img/post-landscape-5.jpg', 'https://images.unsplash.com/photo-1536147116438-62679a5e01f2?ixlib=rb-1.2.1&ixid=eyJhcHBfaWQiOjEyMDd9&auto=format&fit=crop&w=634&q=80', 4, 'Sunt reprehenderit, hic vel optio odit est dolore, distinctio iure itaque enim pariatur ducimus. Rerum soluta, perspiciatis voluptatum cupiditate praesentium repellendus quas expedita exercitationem tempora aliquam quaerat in eligendi adipisci harum non omnis reprehenderit quidem beatae modi. Ea fugiat enim libero, ipsam dicta explicabo nihil, tempore, nulla repellendus eos necessitatibus eligendi corporis cum? Eaque harum, eligendi itaque numquam aliquam soluta.Explicabo perspiciatis, laborum provident voluptates illum in nulla consectetur atque quaerat excepturi quisquam, veniam velit ex pariatur quos consequuntur? Excepturi reiciendis perferendis, cupiditate dolorem eos illum amet. Beatae voluptates nemo esse ratione voluptate, nesciunt fugit magnam veritatis voluptas dignissimos doloribus maiores? Aliquam, dolores natus exercitationem corrupti blanditiis, consequuntur nihil nobis sed voluptatibus maiores sunt, illo provident aliquid laborum. Vitae, ut.Reprehenderit aut sed doloribus blanditiis, aspernatur magni? In molestias rem, similique ut esse repudiandae quod recusandae dolores neque earum omnis at, suscipit fuga? Minima qui veniam deserunt quisquam error amet at ratione nesciunt porro quis placeat repudiandae voluptatibus officiis fuga necessitatibus, expedita officia adipisci eaque labore accusamus? Nesciunt repellat illo exercitationem facilis similique quaerat, quis sequi? Praesentium nulla ipsam dolor.Dolorum, incidunt! Adipisci harum itaque maxime dolores doloremque porro eligendi quis, doloribus vel sit rerum sunt obcaecati nam suscipit nulla vitae alias blanditiis aliquam debitis atque illo modi et placeat. Ratione iure eveniet provident. Culpa laboriosam sed ad quia. Corrupti, earum, perferendis dolore cupiditate sint nihil maiores iusto tempora nobis porro itaque est. Ut laborum culpa assumenda pariatur et perferendis? Est soluta veritatis laboriosam, consequuntur temporibus asperiores, fugit id a ullam sed, expedita sequi doloribus fugiat. Odio et necessitatibus enim nam, iste reprehenderit cupiditate omnis ut iure aliquid obcaecati, repellendus nemo provident eveniet tempora minus! Voluptates aut laboriosam, maiores nihil accusantium, a dolorum quaerat tenetur illo eum culpa cum laudantium sunt doloremque modi possimus magni? Perferendis cum repudiandae corrupti porro.', 'Sample, News, Test', 'Latest', '2024-01-27 07:20:28', '2024-01-27 07:20:28'),
(25, 'What is the son of Football Coach John Gruden, Deuce Gruden doing Now', 'Short description hasan of the sample news.', 'https://bootstrapmade.com/demo/templates/ZenBlog/assets/img/post-landscape-6.jpg', 'https://bootstrapmade.com/demo/templates/ZenBlog/assets/img/post-landscape-5.jpg', 'https://images.unsplash.com/photo-1536147116438-62679a5e01f2?ixlib=rb-1.2.1&ixid=eyJhcHBfaWQiOjEyMDd9&auto=format&fit=crop&w=634&q=80', 5, 'Sunt reprehenderit, hic vel optio odit est dolore, distinctio iure itaque enim pariatur ducimus. Rerum soluta, perspiciatis voluptatum cupiditate praesentium repellendus quas expedita exercitationem tempora aliquam quaerat in eligendi adipisci harum non omnis reprehenderit quidem beatae modi. Ea fugiat enim libero, ipsam dicta explicabo nihil, tempore, nulla repellendus eos necessitatibus eligendi corporis cum? Eaque harum, eligendi itaque numquam aliquam soluta.Explicabo perspiciatis, laborum provident voluptates illum in nulla consectetur atque quaerat excepturi quisquam, veniam velit ex pariatur quos consequuntur? Excepturi reiciendis perferendis, cupiditate dolorem eos illum amet. Beatae voluptates nemo esse ratione voluptate, nesciunt fugit magnam veritatis voluptas dignissimos doloribus maiores? Aliquam, dolores natus exercitationem corrupti blanditiis, consequuntur nihil nobis sed voluptatibus maiores sunt, illo provident aliquid laborum. Vitae, ut.Reprehenderit aut sed doloribus blanditiis, aspernatur magni? In molestias rem, similique ut esse repudiandae quod recusandae dolores neque earum omnis at, suscipit fuga? Minima qui veniam deserunt quisquam error amet at ratione nesciunt porro quis placeat repudiandae voluptatibus officiis fuga necessitatibus, expedita officia adipisci eaque labore accusamus? Nesciunt repellat illo exercitationem facilis similique quaerat, quis sequi? Praesentium nulla ipsam dolor.Dolorum, incidunt! Adipisci harum itaque maxime dolores doloremque porro eligendi quis, doloribus vel sit rerum sunt obcaecati nam suscipit nulla vitae alias blanditiis aliquam debitis atque illo modi et placeat. Ratione iure eveniet provident. Culpa laboriosam sed ad quia. Corrupti, earum, perferendis dolore cupiditate sint nihil maiores iusto tempora nobis porro itaque est. Ut laborum culpa assumenda pariatur et perferendis? Est soluta veritatis laboriosam, consequuntur temporibus asperiores, fugit id a ullam sed, expedita sequi doloribus fugiat. Odio et necessitatibus enim nam, iste reprehenderit cupiditate omnis ut iure aliquid obcaecati, repellendus nemo provident eveniet tempora minus! Voluptates aut laboriosam, maiores nihil accusantium, a dolorum quaerat tenetur illo eum culpa cum laudantium sunt doloremque modi possimus magni? Perferendis cum repudiandae corrupti porro.', 'Sample, News, Test', 'Latest', '2024-01-27 07:20:28', '2024-01-27 07:20:28'),
(26, 'What is the son of Football Coach John Gruden, Deuce Gruden doing Now', 'Short description hasan of the sample news.', 'https://bootstrapmade.com/demo/templates/ZenBlog/assets/img/post-landscape-6.jpg', 'https://bootstrapmade.com/demo/templates/ZenBlog/assets/img/post-landscape-5.jpg', 'https://images.unsplash.com/photo-1536147116438-62679a5e01f2?ixlib=rb-1.2.1&ixid=eyJhcHBfaWQiOjEyMDd9&auto=format&fit=crop&w=634&q=80', 5, 'Sunt reprehenderit, hic vel optio odit est dolore, distinctio iure itaque enim pariatur ducimus. Rerum soluta, perspiciatis voluptatum cupiditate praesentium repellendus quas expedita exercitationem tempora aliquam quaerat in eligendi adipisci harum non omnis reprehenderit quidem beatae modi. Ea fugiat enim libero, ipsam dicta explicabo nihil, tempore, nulla repellendus eos necessitatibus eligendi corporis cum? Eaque harum, eligendi itaque numquam aliquam soluta.Explicabo perspiciatis, laborum provident voluptates illum in nulla consectetur atque quaerat excepturi quisquam, veniam velit ex pariatur quos consequuntur? Excepturi reiciendis perferendis, cupiditate dolorem eos illum amet. Beatae voluptates nemo esse ratione voluptate, nesciunt fugit magnam veritatis voluptas dignissimos doloribus maiores? Aliquam, dolores natus exercitationem corrupti blanditiis, consequuntur nihil nobis sed voluptatibus maiores sunt, illo provident aliquid laborum. Vitae, ut.Reprehenderit aut sed doloribus blanditiis, aspernatur magni? In molestias rem, similique ut esse repudiandae quod recusandae dolores neque earum omnis at, suscipit fuga? Minima qui veniam deserunt quisquam error amet at ratione nesciunt porro quis placeat repudiandae voluptatibus officiis fuga necessitatibus, expedita officia adipisci eaque labore accusamus? Nesciunt repellat illo exercitationem facilis similique quaerat, quis sequi? Praesentium nulla ipsam dolor.Dolorum, incidunt! Adipisci harum itaque maxime dolores doloremque porro eligendi quis, doloribus vel sit rerum sunt obcaecati nam suscipit nulla vitae alias blanditiis aliquam debitis atque illo modi et placeat. Ratione iure eveniet provident. Culpa laboriosam sed ad quia. Corrupti, earum, perferendis dolore cupiditate sint nihil maiores iusto tempora nobis porro itaque est. Ut laborum culpa assumenda pariatur et perferendis? Est soluta veritatis laboriosam, consequuntur temporibus asperiores, fugit id a ullam sed, expedita sequi doloribus fugiat. Odio et necessitatibus enim nam, iste reprehenderit cupiditate omnis ut iure aliquid obcaecati, repellendus nemo provident eveniet tempora minus! Voluptates aut laboriosam, maiores nihil accusantium, a dolorum quaerat tenetur illo eum culpa cum laudantium sunt doloremque modi possimus magni? Perferendis cum repudiandae corrupti porro.', 'Sample, News, Test', 'Latest', '2024-01-27 07:20:28', '2024-01-27 07:20:28'),
(27, 'What is the son of Football Coach John Gruden, Deuce Gruden doing Now', 'Short description hasan of the sample news.', 'https://bootstrapmade.com/demo/templates/ZenBlog/assets/img/post-landscape-6.jpg', 'https://bootstrapmade.com/demo/templates/ZenBlog/assets/img/post-landscape-5.jpg', 'https://images.unsplash.com/photo-1536147116438-62679a5e01f2?ixlib=rb-1.2.1&ixid=eyJhcHBfaWQiOjEyMDd9&auto=format&fit=crop&w=634&q=80', 6, 'Sunt reprehenderit, hic vel optio odit est dolore, distinctio iure itaque enim pariatur ducimus. Rerum soluta, perspiciatis voluptatum cupiditate praesentium repellendus quas expedita exercitationem tempora aliquam quaerat in eligendi adipisci harum non omnis reprehenderit quidem beatae modi. Ea fugiat enim libero, ipsam dicta explicabo nihil, tempore, nulla repellendus eos necessitatibus eligendi corporis cum? Eaque harum, eligendi itaque numquam aliquam soluta.Explicabo perspiciatis, laborum provident voluptates illum in nulla consectetur atque quaerat excepturi quisquam, veniam velit ex pariatur quos consequuntur? Excepturi reiciendis perferendis, cupiditate dolorem eos illum amet. Beatae voluptates nemo esse ratione voluptate, nesciunt fugit magnam veritatis voluptas dignissimos doloribus maiores? Aliquam, dolores natus exercitationem corrupti blanditiis, consequuntur nihil nobis sed voluptatibus maiores sunt, illo provident aliquid laborum. Vitae, ut.Reprehenderit aut sed doloribus blanditiis, aspernatur magni? In molestias rem, similique ut esse repudiandae quod recusandae dolores neque earum omnis at, suscipit fuga? Minima qui veniam deserunt quisquam error amet at ratione nesciunt porro quis placeat repudiandae voluptatibus officiis fuga necessitatibus, expedita officia adipisci eaque labore accusamus? Nesciunt repellat illo exercitationem facilis similique quaerat, quis sequi? Praesentium nulla ipsam dolor.Dolorum, incidunt! Adipisci harum itaque maxime dolores doloremque porro eligendi quis, doloribus vel sit rerum sunt obcaecati nam suscipit nulla vitae alias blanditiis aliquam debitis atque illo modi et placeat. Ratione iure eveniet provident. Culpa laboriosam sed ad quia. Corrupti, earum, perferendis dolore cupiditate sint nihil maiores iusto tempora nobis porro itaque est. Ut laborum culpa assumenda pariatur et perferendis? Est soluta veritatis laboriosam, consequuntur temporibus asperiores, fugit id a ullam sed, expedita sequi doloribus fugiat. Odio et necessitatibus enim nam, iste reprehenderit cupiditate omnis ut iure aliquid obcaecati, repellendus nemo provident eveniet tempora minus! Voluptates aut laboriosam, maiores nihil accusantium, a dolorum quaerat tenetur illo eum culpa cum laudantium sunt doloremque modi possimus magni? Perferendis cum repudiandae corrupti porro.', 'Sample, News, Test', 'Latest', '2024-01-27 07:20:28', '2024-01-27 07:20:28'),
(28, 'What is the son of Football Coach John Gruden, Deuce Gruden doing Now', 'Short description hasan of the sample news.', 'https://bootstrapmade.com/demo/templates/ZenBlog/assets/img/post-landscape-6.jpg', 'https://bootstrapmade.com/demo/templates/ZenBlog/assets/img/post-landscape-5.jpg', 'https://images.unsplash.com/photo-1536147116438-62679a5e01f2?ixlib=rb-1.2.1&ixid=eyJhcHBfaWQiOjEyMDd9&auto=format&fit=crop&w=634&q=80', 6, 'Sunt reprehenderit, hic vel optio odit est dolore, distinctio iure itaque enim pariatur ducimus. Rerum soluta, perspiciatis voluptatum cupiditate praesentium repellendus quas expedita exercitationem tempora aliquam quaerat in eligendi adipisci harum non omnis reprehenderit quidem beatae modi. Ea fugiat enim libero, ipsam dicta explicabo nihil, tempore, nulla repellendus eos necessitatibus eligendi corporis cum? Eaque harum, eligendi itaque numquam aliquam soluta.Explicabo perspiciatis, laborum provident voluptates illum in nulla consectetur atque quaerat excepturi quisquam, veniam velit ex pariatur quos consequuntur? Excepturi reiciendis perferendis, cupiditate dolorem eos illum amet. Beatae voluptates nemo esse ratione voluptate, nesciunt fugit magnam veritatis voluptas dignissimos doloribus maiores? Aliquam, dolores natus exercitationem corrupti blanditiis, consequuntur nihil nobis sed voluptatibus maiores sunt, illo provident aliquid laborum. Vitae, ut.Reprehenderit aut sed doloribus blanditiis, aspernatur magni? In molestias rem, similique ut esse repudiandae quod recusandae dolores neque earum omnis at, suscipit fuga? Minima qui veniam deserunt quisquam error amet at ratione nesciunt porro quis placeat repudiandae voluptatibus officiis fuga necessitatibus, expedita officia adipisci eaque labore accusamus? Nesciunt repellat illo exercitationem facilis similique quaerat, quis sequi? Praesentium nulla ipsam dolor.Dolorum, incidunt! Adipisci harum itaque maxime dolores doloremque porro eligendi quis, doloribus vel sit rerum sunt obcaecati nam suscipit nulla vitae alias blanditiis aliquam debitis atque illo modi et placeat. Ratione iure eveniet provident. Culpa laboriosam sed ad quia. Corrupti, earum, perferendis dolore cupiditate sint nihil maiores iusto tempora nobis porro itaque est. Ut laborum culpa assumenda pariatur et perferendis? Est soluta veritatis laboriosam, consequuntur temporibus asperiores, fugit id a ullam sed, expedita sequi doloribus fugiat. Odio et necessitatibus enim nam, iste reprehenderit cupiditate omnis ut iure aliquid obcaecati, repellendus nemo provident eveniet tempora minus! Voluptates aut laboriosam, maiores nihil accusantium, a dolorum quaerat tenetur illo eum culpa cum laudantium sunt doloremque modi possimus magni? Perferendis cum repudiandae corrupti porro.', 'Sample, News, Test', 'Latest', '2024-01-27 07:20:28', '2024-01-27 07:20:28'),
(29, 'What is the son of Football Coach John Gruden, Deuce Gruden doing Now', 'Short description hasan of the sample news.', 'https://bootstrapmade.com/demo/templates/ZenBlog/assets/img/post-landscape-6.jpg', 'https://bootstrapmade.com/demo/templates/ZenBlog/assets/img/post-landscape-5.jpg', 'https://images.unsplash.com/photo-1536147116438-62679a5e01f2?ixlib=rb-1.2.1&ixid=eyJhcHBfaWQiOjEyMDd9&auto=format&fit=crop&w=634&q=80', 1, 'Sunt reprehenderit, hic vel optio odit est dolore, distinctio iure itaque enim pariatur ducimus. Rerum soluta, perspiciatis voluptatum cupiditate praesentium repellendus quas expedita exercitationem tempora aliquam quaerat in eligendi adipisci harum non omnis reprehenderit quidem beatae modi. Ea fugiat enim libero, ipsam dicta explicabo nihil, tempore, nulla repellendus eos necessitatibus eligendi corporis cum? Eaque harum, eligendi itaque numquam aliquam soluta.Explicabo perspiciatis, laborum provident voluptates illum in nulla consectetur atque quaerat excepturi quisquam, veniam velit ex pariatur quos consequuntur? Excepturi reiciendis perferendis, cupiditate dolorem eos illum amet. Beatae voluptates nemo esse ratione voluptate, nesciunt fugit magnam veritatis voluptas dignissimos doloribus maiores? Aliquam, dolores natus exercitationem corrupti blanditiis, consequuntur nihil nobis sed voluptatibus maiores sunt, illo provident aliquid laborum. Vitae, ut.Reprehenderit aut sed doloribus blanditiis, aspernatur magni? In molestias rem, similique ut esse repudiandae quod recusandae dolores neque earum omnis at, suscipit fuga? Minima qui veniam deserunt quisquam error amet at ratione nesciunt porro quis placeat repudiandae voluptatibus officiis fuga necessitatibus, expedita officia adipisci eaque labore accusamus? Nesciunt repellat illo exercitationem facilis similique quaerat, quis sequi? Praesentium nulla ipsam dolor.Dolorum, incidunt! Adipisci harum itaque maxime dolores doloremque porro eligendi quis, doloribus vel sit rerum sunt obcaecati nam suscipit nulla vitae alias blanditiis aliquam debitis atque illo modi et placeat. Ratione iure eveniet provident. Culpa laboriosam sed ad quia. Corrupti, earum, perferendis dolore cupiditate sint nihil maiores iusto tempora nobis porro itaque est. Ut laborum culpa assumenda pariatur et perferendis? Est soluta veritatis laboriosam, consequuntur temporibus asperiores, fugit id a ullam sed, expedita sequi doloribus fugiat. Odio et necessitatibus enim nam, iste reprehenderit cupiditate omnis ut iure aliquid obcaecati, repellendus nemo provident eveniet tempora minus! Voluptates aut laboriosam, maiores nihil accusantium, a dolorum quaerat tenetur illo eum culpa cum laudantium sunt doloremque modi possimus magni? Perferendis cum repudiandae corrupti porro.', 'Sample, News, Test', 'Latest', '2024-01-27 07:20:28', '2024-01-27 07:20:28'),
(30, 'What is the son of Football Coach John Gruden, Deuce Gruden doing Now', 'Short description hasan of the sample news.', 'https://bootstrapmade.com/demo/templates/ZenBlog/assets/img/post-landscape-6.jpg', 'https://bootstrapmade.com/demo/templates/ZenBlog/assets/img/post-landscape-5.jpg', 'https://images.unsplash.com/photo-1536147116438-62679a5e01f2?ixlib=rb-1.2.1&ixid=eyJhcHBfaWQiOjEyMDd9&auto=format&fit=crop&w=634&q=80', 6, 'Sunt reprehenderit, hic vel optio odit est dolore, distinctio iure itaque enim pariatur ducimus. Rerum soluta, perspiciatis voluptatum cupiditate praesentium repellendus quas expedita exercitationem tempora aliquam quaerat in eligendi adipisci harum non omnis reprehenderit quidem beatae modi. Ea fugiat enim libero, ipsam dicta explicabo nihil, tempore, nulla repellendus eos necessitatibus eligendi corporis cum? Eaque harum, eligendi itaque numquam aliquam soluta.Explicabo perspiciatis, laborum provident voluptates illum in nulla consectetur atque quaerat excepturi quisquam, veniam velit ex pariatur quos consequuntur? Excepturi reiciendis perferendis, cupiditate dolorem eos illum amet. Beatae voluptates nemo esse ratione voluptate, nesciunt fugit magnam veritatis voluptas dignissimos doloribus maiores? Aliquam, dolores natus exercitationem corrupti blanditiis, consequuntur nihil nobis sed voluptatibus maiores sunt, illo provident aliquid laborum. Vitae, ut.Reprehenderit aut sed doloribus blanditiis, aspernatur magni? In molestias rem, similique ut esse repudiandae quod recusandae dolores neque earum omnis at, suscipit fuga? Minima qui veniam deserunt quisquam error amet at ratione nesciunt porro quis placeat repudiandae voluptatibus officiis fuga necessitatibus, expedita officia adipisci eaque labore accusamus? Nesciunt repellat illo exercitationem facilis similique quaerat, quis sequi? Praesentium nulla ipsam dolor.Dolorum, incidunt! Adipisci harum itaque maxime dolores doloremque porro eligendi quis, doloribus vel sit rerum sunt obcaecati nam suscipit nulla vitae alias blanditiis aliquam debitis atque illo modi et placeat. Ratione iure eveniet provident. Culpa laboriosam sed ad quia. Corrupti, earum, perferendis dolore cupiditate sint nihil maiores iusto tempora nobis porro itaque est. Ut laborum culpa assumenda pariatur et perferendis? Est soluta veritatis laboriosam, consequuntur temporibus asperiores, fugit id a ullam sed, expedita sequi doloribus fugiat. Odio et necessitatibus enim nam, iste reprehenderit cupiditate omnis ut iure aliquid obcaecati, repellendus nemo provident eveniet tempora minus! Voluptates aut laboriosam, maiores nihil accusantium, a dolorum quaerat tenetur illo eum culpa cum laudantium sunt doloremque modi possimus magni? Perferendis cum repudiandae corrupti porro.', 'Sample, News, Test', 'Latest', '2024-01-27 07:20:28', '2024-01-27 07:20:28');

-- --------------------------------------------------------

--
-- Table structure for table `socials`
--

CREATE TABLE `socials` (
  `id` int(11) NOT NULL,
  `facebook` varchar(300) NOT NULL,
  `twitter` varchar(300) NOT NULL,
  `linkedin` varchar(300) NOT NULL,
  `youtube` varchar(300) NOT NULL,
  `about` text NOT NULL,
  `address` text NOT NULL,
  `createdAt` timestamp NOT NULL DEFAULT current_timestamp(),
  `updatedAt` timestamp NOT NULL DEFAULT current_timestamp()
) ENGINE=InnoDB DEFAULT CHARSET=utf8mb4 COLLATE=utf8mb4_unicode_ci;

--
-- Dumping data for table `socials`
--

INSERT INTO `socials` (`id`, `facebook`, `twitter`, `linkedin`, `youtube`, `about`, `address`, `createdAt`, `updatedAt`) VALUES
(2, 'https://www.facebook.com/sample2', 'https://twitter.com/sample2', 'https://www.linkedin.com/khriad991', 'https://www.youtube.com/c/sample2', 'About Sample 2', '456 Sample St', '2024-01-25 13:38:02', '2024-01-25 13:38:02'),
(3, 'https://www.facebook.com/sample3', 'https://twitter.com/sample3', 'https://www.linkedin.com/in/sample3', 'https://www.youtube.com/c/sample3', 'About Sample 3', '789 Sample St', '2024-01-25 13:38:02', '2024-01-25 13:38:02');

-- --------------------------------------------------------

--
-- Table structure for table `subscribers`
--

CREATE TABLE `subscribers` (
  `id` int(11) NOT NULL,
  `email` varchar(150) NOT NULL,
  `createdAt` timestamp NOT NULL DEFAULT current_timestamp(),
  `updatedAt` timestamp NOT NULL DEFAULT current_timestamp()
) ENGINE=InnoDB DEFAULT CHARSET=utf8mb4 COLLATE=utf8mb4_unicode_ci;

--
-- Dumping data for table `subscribers`
--

INSERT INTO `subscribers` (`id`, `email`, `createdAt`, `updatedAt`) VALUES
(1, '991khriad@gmail.com', '2024-01-28 06:37:21', '2024-01-28 06:37:21'),
(3, 'kamrulhasan.mern@gmail.com', '2024-01-28 07:54:06', '2024-01-28 07:54:06');

-- --------------------------------------------------------

--
-- Table structure for table `users`
--

CREATE TABLE `users` (
  `id` int(11) NOT NULL,
  `name` varchar(150) NOT NULL,
  `email` varchar(150) NOT NULL,
  `phone` varchar(40) NOT NULL,
  `password` varchar(200) NOT NULL,
  `otp` varchar(10) NOT NULL,
  `createdAt` timestamp NOT NULL DEFAULT current_timestamp(),
  `updatedAt` timestamp NOT NULL DEFAULT current_timestamp()
) ENGINE=InnoDB DEFAULT CHARSET=utf8mb4 COLLATE=utf8mb4_unicode_ci;

--
-- Dumping data for table `users`
--

INSERT INTO `users` (`id`, `name`, `email`, `phone`, `password`, `otp`, `createdAt`, `updatedAt`) VALUES
(1, 'John Doe', '991khriad@gmail.com', '123-456-7890', '111', '0', '2024-01-24 12:49:34', '2024-01-24 12:49:34'),
(2, 'John Doe', '992khriad@gmail.com', '123-456-7890', '111', '0', '2024-01-24 12:49:34', '2024-01-24 12:49:34');

-- --------------------------------------------------------

--
-- Table structure for table `_prisma_migrations`
--

CREATE TABLE `_prisma_migrations` (
  `id` varchar(36) NOT NULL,
  `checksum` varchar(64) NOT NULL,
  `finished_at` datetime(3) DEFAULT NULL,
  `migration_name` varchar(255) NOT NULL,
  `logs` text DEFAULT NULL,
  `rolled_back_at` datetime(3) DEFAULT NULL,
  `started_at` datetime(3) NOT NULL DEFAULT current_timestamp(3),
  `applied_steps_count` int(10) UNSIGNED NOT NULL DEFAULT 0
) ENGINE=InnoDB DEFAULT CHARSET=utf8mb4 COLLATE=utf8mb4_unicode_ci;

--
-- Dumping data for table `_prisma_migrations`
--

INSERT INTO `_prisma_migrations` (`id`, `checksum`, `finished_at`, `migration_name`, `logs`, `rolled_back_at`, `started_at`, `applied_steps_count`) VALUES
('47b03cad-d3b0-46b5-8778-354b212ccb96', '38db56a68f27a9ee46672e5c397dd15040d784196257bbeea89ad35eea00decf', '2024-01-24 18:49:10.969', '20240124184910_', NULL, NULL, '2024-01-24 18:49:10.541', 1),
('fe67ebda-4ff8-43c1-a93b-39ed8a1c9eec', 'e3391d2231f8adb0922394f9ba42c6983be25e19dde276a44a2ef6460434188f', '2024-01-25 16:44:02.462', '20240125164402_jfkajfklaf', NULL, NULL, '2024-01-25 16:44:02.438', 1);

--
-- Indexes for dumped tables
--

--
-- Indexes for table `categories`
--
ALTER TABLE `categories`
  ADD PRIMARY KEY (`id`),
  ADD UNIQUE KEY `categories_name_key` (`name`);

--
-- Indexes for table `comments`
--
ALTER TABLE `comments`
  ADD PRIMARY KEY (`id`),
  ADD KEY `comments_postID_fkey` (`postID`),
  ADD KEY `comments_userID_fkey` (`userID`);

--
-- Indexes for table `news_list`
--
ALTER TABLE `news_list`
  ADD PRIMARY KEY (`id`),
  ADD KEY `news_list_catID_fkey` (`catID`);

--
-- Indexes for table `socials`
--
ALTER TABLE `socials`
  ADD PRIMARY KEY (`id`);

--
-- Indexes for table `subscribers`
--
ALTER TABLE `subscribers`
  ADD PRIMARY KEY (`id`),
  ADD UNIQUE KEY `subscribers_email_key` (`email`);

--
-- Indexes for table `users`
--
ALTER TABLE `users`
  ADD PRIMARY KEY (`id`),
  ADD UNIQUE KEY `users_email_key` (`email`);

--
-- Indexes for table `_prisma_migrations`
--
ALTER TABLE `_prisma_migrations`
  ADD PRIMARY KEY (`id`);

--
-- AUTO_INCREMENT for dumped tables
--

--
-- AUTO_INCREMENT for table `categories`
--
ALTER TABLE `categories`
  MODIFY `id` int(11) NOT NULL AUTO_INCREMENT, AUTO_INCREMENT=8;

--
-- AUTO_INCREMENT for table `comments`
--
ALTER TABLE `comments`
  MODIFY `id` int(11) NOT NULL AUTO_INCREMENT, AUTO_INCREMENT=6;

--
-- AUTO_INCREMENT for table `news_list`
--
ALTER TABLE `news_list`
  MODIFY `id` int(11) NOT NULL AUTO_INCREMENT, AUTO_INCREMENT=31;

--
-- AUTO_INCREMENT for table `socials`
--
ALTER TABLE `socials`
  MODIFY `id` int(11) NOT NULL AUTO_INCREMENT, AUTO_INCREMENT=4;

--
-- AUTO_INCREMENT for table `subscribers`
--
ALTER TABLE `subscribers`
  MODIFY `id` int(11) NOT NULL AUTO_INCREMENT, AUTO_INCREMENT=4;

--
-- AUTO_INCREMENT for table `users`
--
ALTER TABLE `users`
  MODIFY `id` int(11) NOT NULL AUTO_INCREMENT, AUTO_INCREMENT=3;

--
-- Constraints for dumped tables
--

--
-- Constraints for table `comments`
--
ALTER TABLE `comments`
  ADD CONSTRAINT `comments_postID_fkey` FOREIGN KEY (`postID`) REFERENCES `news_list` (`id`) ON UPDATE CASCADE,
  ADD CONSTRAINT `comments_userID_fkey` FOREIGN KEY (`userID`) REFERENCES `users` (`id`) ON UPDATE CASCADE;

--
-- Constraints for table `news_list`
--
ALTER TABLE `news_list`
  ADD CONSTRAINT `news_list_catID_fkey` FOREIGN KEY (`catID`) REFERENCES `categories` (`id`) ON UPDATE CASCADE;
COMMIT;

/*!40101 SET CHARACTER_SET_CLIENT=@OLD_CHARACTER_SET_CLIENT */;
/*!40101 SET CHARACTER_SET_RESULTS=@OLD_CHARACTER_SET_RESULTS */;
/*!40101 SET COLLATION_CONNECTION=@OLD_COLLATION_CONNECTION */;
